Token_Owner,Mint_Address
GUfCR9mK6azb9vcpsxgXyj7XRPAKJd4KMHTTVvtncGgp,DDmpZThZcuTzbRcHDChwVtJpRzUNNSKfBKDbhCHRoThP
EZ8GMyBqSiBg91WRtZCxxNz5Az4yqBALKrkA1suSyPBZ,9euDve9ivtMXnrHgd4wMUVeoU5GDv6wrNUYqcgyzGTr4
35EMu12XYZ6riLV1E9aQgWju44h54D8vGkZfvaqEoqoA,3s81kXoek6jqV51ABS6hEZGB5hzjgwkTzpU6fbQwuTXa
3NF16B5TVET29YYYvUzcyR4RFzVUHhJSWVLBM4PA1LKh,Gab3vDdqghiZnbLwD3KVqoC4EAYQx4KVwFbRJgLVTL6J
FDpgg1fyUqu3BmjohJkk3qJzdz27AjuqJYmWzV2poxyV,325CzoteGrmydq8yrdqF8meQYMF9SzpZFyDTANyEqv8G
E7cH7SoaQcaMA2isGz39T6BHcpvssKhPKaxXYuD5Dp3U,6bBZtLVGbJnqCqJsJHJngMhL7H3otLJRPMwzfRgXW4gP
ATRVfh68DxV8992LwG3KBY6EGXBEd1eN5ppkvE9BS8j6,91FXX9SFhwPmhft5VoJqhLGMDywHQLyLxRuP6M4NNJdG
8yxjJSsLvUt44NGLpeEVZQEpXQKdBHeYZU1zxJvyKnZD,D7DoJbNWHgQawnNqxD1rj8HjgQTXUozVbuPYN8AwxZG4
35EMu12XYZ6riLV1E9aQgWju44h54D8vGkZfvaqEoqoA,6HzGxmXbomjnmmGwna2ujGsyq8FbpiJooLNxAS29CGs7
6SHRL5r8BBeJFVcg8Y5u2VRvEaYYweSnYtNLjb1N48qw,H97q8HNLoMKFbHNtZfZwhevZZGhQVf9rU8tDz4iYFfiM
GUfCR9mK6azb9vcpsxgXyj7XRPAKJd4KMHTTVvtncGgp,DDmpZThZcuTzbRcHDChwVtJpRzUNNSKfBKDbhCHRoThP
EZ8GMyBqSiBg91WRtZCxxNz5Az4yqBALKrkA1suSyPBZ,9euDve9ivtMXnrHgd4wMUVeoU5GDv6wrNUYqcgyzGTr4
35EMu12XYZ6riLV1E9aQgWju44h54D8vGkZfvaqEoqoA,3s81kXoek6jqV51ABS6hEZGB5hzjgwkTzpU6fbQwuTXa
3NF16B5TVET29YYYvUzcyR4RFzVUHhJSWVLBM4PA1LKh,Gab3vDdqghiZnbLwD3KVqoC4EAYQx4KVwFbRJgLVTL6J
FDpgg1fyUqu3BmjohJkk3qJzdz27AjuqJYmWzV2poxyV,325CzoteGrmydq8yrdqF8meQYMF9SzpZFyDTANyEqv8G
E7cH7SoaQcaMA2isGz39T6BHcpvssKhPKaxXYuD5Dp3U,6bBZtLVGbJnqCqJsJHJngMhL7H3otLJRPMwzfRgXW4gP
ATRVfh68DxV8992LwG3KBY6EGXBEd1eN5ppkvE9BS8j6,91FXX9SFhwPmhft5VoJqhLGMDywHQLyLxRuP6M4NNJdG
8yxjJSsLvUt44NGLpeEVZQEpXQKdBHeYZU1zxJvyKnZD,D7DoJbNWHgQawnNqxD1rj8HjgQTXUozVbuPYN8AwxZG4
35EMu12XYZ6riLV1E9aQgWju44h54D8vGkZfvaqEoqoA,6HzGxmXbomjnmmGwna2ujGsyq8FbpiJooLNxAS29CGs7
6SHRL5r8BBeJFVcg8Y5u2VRvEaYYweSnYtNLjb1N48qw,H97q8HNLoMKFbHNtZfZwhevZZGhQVf9rU8tDz4iYFfiM
GUfCR9mK6azb9vcpsxgXyj7XRPAKJd4KMHTTVvtncGgp,DDmpZThZcuTzbRcHDChwVtJpRzUNNSKfBKDbhCHRoThP
EZ8GMyBqSiBg91WRtZCxxNz5Az4yqBALKrkA1suSyPBZ,9euDve9ivtMXnrHgd4wMUVeoU5GDv6wrNUYqcgyzGTr4
35EMu12XYZ6riLV1E9aQgWju44h54D8vGkZfvaqEoqoA,3s81kXoek6jqV51ABS6hEZGB5hzjgwkTzpU6fbQwuTXa
3NF16B5TVET29YYYvUzcyR4RFzVUHhJSWVLBM4PA1LKh,Gab3vDdqghiZnbLwD3KVqoC4EAYQx4KVwFbRJgLVTL6J
FDpgg1fyUqu3BmjohJkk3qJzdz27AjuqJYmWzV2poxyV,325CzoteGrmydq8yrdqF8meQYMF9SzpZFyDTANyEqv8G
E7cH7SoaQcaMA2isGz39T6BHcpvssKhPKaxXYuD5Dp3U,6bBZtLVGbJnqCqJsJHJngMhL7H3otLJRPMwzfRgXW4gP
ATRVfh68DxV8992LwG3KBY6EGXBEd1eN5ppkvE9BS8j6,91FXX9SFhwPmhft5VoJqhLGMDywHQLyLxRuP6M4NNJdG
8yxjJSsLvUt44NGLpeEVZQEpXQKdBHeYZU1zxJvyKnZD,D7DoJbNWHgQawnNqxD1rj8HjgQTXUozVbuPYN8AwxZG4
35EMu12XYZ6riLV1E9aQgWju44h54D8vGkZfvaqEoqoA,6HzGxmXbomjnmmGwna2ujGsyq8FbpiJooLNxAS29CGs7
6SHRL5r8BBeJFVcg8Y5u2VRvEaYYweSnYtNLjb1N48qw,H97q8HNLoMKFbHNtZfZwhevZZGhQVf9rU8tDz4iYFfiM
GUfCR9mK6azb9vcpsxgXyj7XRPAKJd4KMHTTVvtncGgp,DDmpZThZcuTzbRcHDChwVtJpRzUNNSKfBKDbhCHRoThP
EZ8GMyBqSiBg91WRtZCxxNz5Az4yqBALKrkA1suSyPBZ,9euDve9ivtMXnrHgd4wMUVeoU5GDv6wrNUYqcgyzGTr4
35EMu12XYZ6riLV1E9aQgWju44h54D8vGkZfvaqEoqoA,3s81kXoek6jqV51ABS6hEZGB5hzjgwkTzpU6fbQwuTXa
3NF16B5TVET29YYYvUzcyR4RFzVUHhJSWVLBM4PA1LKh,Gab3vDdqghiZnbLwD3KVqoC4EAYQx4KVwFbRJgLVTL6J
FDpgg1fyUqu3BmjohJkk3qJzdz27AjuqJYmWzV2poxyV,325CzoteGrmydq8yrdqF8meQYMF9SzpZFyDTANyEqv8G
E7cH7SoaQcaMA2isGz39T6BHcpvssKhPKaxXYuD5Dp3U,6bBZtLVGbJnqCqJsJHJngMhL7H3otLJRPMwzfRgXW4gP
ATRVfh68DxV8992LwG3KBY6EGXBEd1eN5ppkvE9BS8j6,91FXX9SFhwPmhft5VoJqhLGMDywHQLyLxRuP6M4NNJdG
8yxjJSsLvUt44NGLpeEVZQEpXQKdBHeYZU1zxJvyKnZD,D7DoJbNWHgQawnNqxD1rj8HjgQTXUozVbuPYN8AwxZG4
35EMu12XYZ6riLV1E9aQgWju44h54D8vGkZfvaqEoqoA,6HzGxmXbomjnmmGwna2ujGsyq8FbpiJooLNxAS29CGs7
6SHRL5r8BBeJFVcg8Y5u2VRvEaYYweSnYtNLjb1N48qw,H97q8HNLoMKFbHNtZfZwhevZZGhQVf9rU8tDz4iYFfiM
GUfCR9mK6azb9vcpsxgXyj7XRPAKJd4KMHTTVvtncGgp,DDmpZThZcuTzbRcHDChwVtJpRzUNNSKfBKDbhCHRoThP
EZ8GMyBqSiBg91WRtZCxxNz5Az4yqBALKrkA1suSyPBZ,9euDve9ivtMXnrHgd4wMUVeoU5GDv6wrNUYqcgyzGTr4
35EMu12XYZ6riLV1E9aQgWju44h54D8vGkZfvaqEoqoA,3s81kXoek6jqV51ABS6hEZGB5hzjgwkTzpU6fbQwuTXa
3NF16B5TVET29YYYvUzcyR4RFzVUHhJSWVLBM4PA1LKh,Gab3vDdqghiZnbLwD3KVqoC4EAYQx4KVwFbRJgLVTL6J
FDpgg1fyUqu3BmjohJkk3qJzdz27AjuqJYmWzV2poxyV,325CzoteGrmydq8yrdqF8meQYMF9SzpZFyDTANyEqv8G
E7cH7SoaQcaMA2isGz39T6BHcpvssKhPKaxXYuD5Dp3U,6bBZtLVGbJnqCqJsJHJngMhL7H3otLJRPMwzfRgXW4gP
ATRVfh68DxV8992LwG3KBY6EGXBEd1eN5ppkvE9BS8j6,91FXX9SFhwPmhft5VoJqhLGMDywHQLyLxRuP6M4NNJdG
8yxjJSsLvUt44NGLpeEVZQEpXQKdBHeYZU1zxJvyKnZD,D7DoJbNWHgQawnNqxD1rj8HjgQTXUozVbuPYN8AwxZG4
35EMu12XYZ6riLV1E9aQgWju44h54D8vGkZfvaqEoqoA,6HzGxmXbomjnmmGwna2ujGsyq8FbpiJooLNxAS29CGs7
6SHRL5r8BBeJFVcg8Y5u2VRvEaYYweSnYtNLjb1N48qw,H97q8HNLoMKFbHNtZfZwhevZZGhQVf9rU8tDz4iYFfiM
GUfCR9mK6azb9vcpsxgXyj7XRPAKJd4KMHTTVvtncGgp,DDmpZThZcuTzbRcHDChwVtJpRzUNNSKfBKDbhCHRoThP
EZ8GMyBqSiBg91WRtZCxxNz5Az4yqBALKrkA1suSyPBZ,9euDve9ivtMXnrHgd4wMUVeoU5GDv6wrNUYqcgyzGTr4
35EMu12XYZ6riLV1E9aQgWju44h54D8vGkZfvaqEoqoA,3s81kXoek6jqV51ABS6hEZGB5hzjgwkTzpU6fbQwuTXa
3NF16B5TVET29YYYvUzcyR4RFzVUHhJSWVLBM4PA1LKh,Gab3vDdqghiZnbLwD3KVqoC4EAYQx4KVwFbRJgLVTL6J
FDpgg1fyUqu3BmjohJkk3qJzdz27AjuqJYmWzV2poxyV,325CzoteGrmydq8yrdqF8meQYMF9SzpZFyDTANyEqv8G
E7cH7SoaQcaMA2isGz39T6BHcpvssKhPKaxXYuD5Dp3U,6bBZtLVGbJnqCqJsJHJngMhL7H3otLJRPMwzfRgXW4gP
ATRVfh68DxV8992LwG3KBY6EGXBEd1eN5ppkvE9BS8j6,91FXX9SFhwPmhft5VoJqhLGMDywHQLyLxRuP6M4NNJdG
8yxjJSsLvUt44NGLpeEVZQEpXQKdBHeYZU1zxJvyKnZD,D7DoJbNWHgQawnNqxD1rj8HjgQTXUozVbuPYN8AwxZG4
35EMu12XYZ6riLV1E9aQgWju44h54D8vGkZfvaqEoqoA,6HzGxmXbomjnmmGwna2ujGsyq8FbpiJooLNxAS29CGs7
6SHRL5r8BBeJFVcg8Y5u2VRvEaYYweSnYtNLjb1N48qw,H97q8HNLoMKFbHNtZfZwhevZZGhQVf9rU8tDz4iYFfiM
GUfCR9mK6azb9vcpsxgXyj7XRPAKJd4KMHTTVvtncGgp,DDmpZThZcuTzbRcHDChwVtJpRzUNNSKfBKDbhCHRoThP
EZ8GMyBqSiBg91WRtZCxxNz5Az4yqBALKrkA1suSyPBZ,9euDve9ivtMXnrHgd4wMUVeoU5GDv6wrNUYqcgyzGTr4
35EMu12XYZ6riLV1E9aQgWju44h54D8vGkZfvaqEoqoA,3s81kXoek6jqV51ABS6hEZGB5hzjgwkTzpU6fbQwuTXa
3NF16B5TVET29YYYvUzcyR4RFzVUHhJSWVLBM4PA1LKh,Gab3vDdqghiZnbLwD3KVqoC4EAYQx4KVwFbRJgLVTL6J
FDpgg1fyUqu3BmjohJkk3qJzdz27AjuqJYmWzV2poxyV,325CzoteGrmydq8yrdqF8meQYMF9SzpZFyDTANyEqv8G
E7cH7SoaQcaMA2isGz39T6BHcpvssKhPKaxXYuD5Dp3U,6bBZtLVGbJnqCqJsJHJngMhL7H3otLJRPMwzfRgXW4gP
ATRVfh68DxV8992LwG3KBY6EGXBEd1eN5ppkvE9BS8j6,91FXX9SFhwPmhft5VoJqhLGMDywHQLyLxRuP6M4NNJdG
8yxjJSsLvUt44NGLpeEVZQEpXQKdBHeYZU1zxJvyKnZD,D7DoJbNWHgQawnNqxD1rj8HjgQTXUozVbuPYN8AwxZG4
35EMu12XYZ6riLV1E9aQgWju44h54D8vGkZfvaqEoqoA,6HzGxmXbomjnmmGwna2ujGsyq8FbpiJooLNxAS29CGs7
6SHRL5r8BBeJFVcg8Y5u2VRvEaYYweSnYtNLjb1N48qw,H97q8HNLoMKFbHNtZfZwhevZZGhQVf9rU8tDz4iYFfiM
GUfCR9mK6azb9vcpsxgXyj7XRPAKJd4KMHTTVvtncGgp,DDmpZThZcuTzbRcHDChwVtJpRzUNNSKfBKDbhCHRoThP
EZ8GMyBqSiBg91WRtZCxxNz5Az4yqBALKrkA1suSyPBZ,9euDve9ivtMXnrHgd4wMUVeoU5GDv6wrNUYqcgyzGTr4
35EMu12XYZ6riLV1E9aQgWju44h54D8vGkZfvaqEoqoA,3s81kXoek6jqV51ABS6hEZGB5hzjgwkTzpU6fbQwuTXa
3NF16B5TVET29YYYvUzcyR4RFzVUHhJSWVLBM4PA1LKh,Gab3vDdqghiZnbLwD3KVqoC4EAYQx4KVwFbRJgLVTL6J
FDpgg1fyUqu3BmjohJkk3qJzdz27AjuqJYmWzV2poxyV,325CzoteGrmydq8yrdqF8meQYMF9SzpZFyDTANyEqv8G
E7cH7SoaQcaMA2isGz39T6BHcpvssKhPKaxXYuD5Dp3U,6bBZtLVGbJnqCqJsJHJngMhL7H3otLJRPMwzfRgXW4gP
ATRVfh68DxV8992LwG3KBY6EGXBEd1eN5ppkvE9BS8j6,91FXX9SFhwPmhft5VoJqhLGMDywHQLyLxRuP6M4NNJdG
8yxjJSsLvUt44NGLpeEVZQEpXQKdBHeYZU1zxJvyKnZD,D7DoJbNWHgQawnNqxD1rj8HjgQTXUozVbuPYN8AwxZG4
35EMu12XYZ6riLV1E9aQgWju44h54D8vGkZfvaqEoqoA,6HzGxmXbomjnmmGwna2ujGsyq8FbpiJooLNxAS29CGs7
6SHRL5r8BBeJFVcg8Y5u2VRvEaYYweSnYtNLjb1N48qw,H97q8HNLoMKFbHNtZfZwhevZZGhQVf9rU8tDz4iYFfiM
GUfCR9mK6azb9vcpsxgXyj7XRPAKJd4KMHTTVvtncGgp,DDmpZThZcuTzbRcHDChwVtJpRzUNNSKfBKDbhCHRoThP
EZ8GMyBqSiBg91WRtZCxxNz5Az4yqBALKrkA1suSyPBZ,9euDve9ivtMXnrHgd4wMUVeoU5GDv6wrNUYqcgyzGTr4
35EMu12XYZ6riLV1E9aQgWju44h54D8vGkZfvaqEoqoA,3s81kXoek6jqV51ABS6hEZGB5hzjgwkTzpU6fbQwuTXa
3NF16B5TVET29YYYvUzcyR4RFzVUHhJSWVLBM4PA1LKh,Gab3vDdqghiZnbLwD3KVqoC4EAYQx4KVwFbRJgLVTL6J
FDpgg1fyUqu3BmjohJkk3qJzdz27AjuqJYmWzV2poxyV,325CzoteGrmydq8yrdqF8meQYMF9SzpZFyDTANyEqv8G
E7cH7SoaQcaMA2isGz39T6BHcpvssKhPKaxXYuD5Dp3U,6bBZtLVGbJnqCqJsJHJngMhL7H3otLJRPMwzfRgXW4gP
ATRVfh68DxV8992LwG3KBY6EGXBEd1eN5ppkvE9BS8j6,91FXX9SFhwPmhft5VoJqhLGMDywHQLyLxRuP6M4NNJdG
8yxjJSsLvUt44NGLpeEVZQEpXQKdBHeYZU1zxJvyKnZD,D7DoJbNWHgQawnNqxD1rj8HjgQTXUozVbuPYN8AwxZG4
35EMu12XYZ6riLV1E9aQgWju44h54D8vGkZfvaqEoqoA,6HzGxmXbomjnmmGwna2ujGsyq8FbpiJooLNxAS29CGs7
6SHRL5r8BBeJFVcg8Y5u2VRvEaYYweSnYtNLjb1N48qw,H97q8HNLoMKFbHNtZfZwhevZZGhQVf9rU8tDz4iYFfiM
GUfCR9mK6azb9vcpsxgXyj7XRPAKJd4KMHTTVvtncGgp,DDmpZThZcuTzbRcHDChwVtJpRzUNNSKfBKDbhCHRoThP
EZ8GMyBqSiBg91WRtZCxxNz5Az4yqBALKrkA1suSyPBZ,9euDve9ivtMXnrHgd4wMUVeoU5GDv6wrNUYqcgyzGTr4
35EMu12XYZ6riLV1E9aQgWju44h54D8vGkZfvaqEoqoA,3s81kXoek6jqV51ABS6hEZGB5hzjgwkTzpU6fbQwuTXa
3NF16B5TVET29YYYvUzcyR4RFzVUHhJSWVLBM4PA1LKh,Gab3vDdqghiZnbLwD3KVqoC4EAYQx4KVwFbRJgLVTL6J
FDpgg1fyUqu3BmjohJkk3qJzdz27AjuqJYmWzV2poxyV,325CzoteGrmydq8yrdqF8meQYMF9SzpZFyDTANyEqv8G
E7cH7SoaQcaMA2isGz39T6BHcpvssKhPKaxXYuD5Dp3U,6bBZtLVGbJnqCqJsJHJngMhL7H3otLJRPMwzfRgXW4gP
ATRVfh68DxV8992LwG3KBY6EGXBEd1eN5ppkvE9BS8j6,91FXX9SFhwPmhft5VoJqhLGMDywHQLyLxRuP6M4NNJdG
8yxjJSsLvUt44NGLpeEVZQEpXQKdBHeYZU1zxJvyKnZD,D7DoJbNWHgQawnNqxD1rj8HjgQTXUozVbuPYN8AwxZG4
35EMu12XYZ6riLV1E9aQgWju44h54D8vGkZfvaqEoqoA,6HzGxmXbomjnmmGwna2ujGsyq8FbpiJooLNxAS29CGs7
6SHRL5r8BBeJFVcg8Y5u2VRvEaYYweSnYtNLjb1N48qw,H97q8HNLoMKFbHNtZfZwhevZZGhQVf9rU8tDz4iYFfiM
